[
  {
    "id": 1,
    "img": "jordan.jpg",
    "name": "迈克尔·乔丹",
    "position": "得分后卫",
    "address": "美国纽约州纽约布鲁克林区",
    "message": "迈克尔·杰弗里·乔丹是美国退役NBA职业篮球运动员，也是一名商人，现任夏洛特黄蜂董事长及主要股东。身高6英尺6英寸，体重216磅，主打位置为得分后卫和小前锋，球衣背号23号。绰号空中飞人、篮球大帝、篮球之神，为20世纪世界上最具影响力的运动员之一。"
  },
  {
    "id": 2,
    "img": "kobe.jpg",
    "name": "科比·布莱恩特",
    "position": "得分后卫",
    "address": "美国宾夕法尼亚州费城",
    "message": "科比·布莱恩特是前美国NBA职业篮球运动员，有“黑曼巴”之称。身高6英尺6英寸，体重212磅，主打位置为得分后卫。在他为洛杉矶湖人效力的20年职业生涯中，总得分达到33,643分位居NBA历史第三位，并取得5次总冠军，2次总决赛最有价值球员，1次年度最有价值球员，2次得分王。"
  },
  {
    "id": 3,
    "img": "lbj.jpg",
    "name": "勒布朗·詹姆斯",
    "position": "小前锋",
    "address": "美国俄亥俄州阿克伦",
    "message": "勒布朗·瑞蒙·詹姆斯，生于美国俄亥俄州阿克伦，职业篮球员，绰号“LBJ”、“小皇帝”、“天选之子”、“姆斯”，现效力于NBA联盟克利夫兰骑士队，场上位置为小前锋。"
  },
  {
    "id": 4,
    "img": "kl.jpg",
    "name": "斯蒂芬·库里",
    "position": "控球后卫",
    "address": "美国俄亥俄州阿克伦城",
    "message": "沃德尔·斯蒂芬·库里，生于美国俄亥俄州阿克伦城，美国职业篮球运动员，在2009年NBA选秀中被金州勇士队在第一轮第七顺位选中，位置为控球后卫，效力于金州勇士。因为他的娃娃脸，吸引迷妹，而得绰号“萌神”、“娃娃脸刺客”。大学时期曾入选全美第一队且获得许多个人奖"
  },
  {
    "id": 5,
    "img": "ym.jpg",
    "name": "姚明",
    "position": "中锋",
    "address": "中国上海",
    "message": "姚明，生于中国上海，祖籍江苏苏州吴江区震泽镇，篮球运动员，曾为中国国家篮球队队员，曾效力于中国篮球职业联赛上海大鲨鱼篮球俱乐部和美国国家篮球协会休斯敦火箭。姚明是中国最具影响力的人物之一，同时也是世界最知名的华人运动员之一。2009年，姚明收购上海男篮，成为上海大鲨鱼篮球俱乐部老板。"
  },
  {
    "id": 6,
    "img": "kd.jpg",
    "name": "凯文·杜兰特",
    "position": "小前锋",
    "address": "美国华盛顿特区",
    "message": "凯文·杜兰特，美国职业篮球运动员，出身于美国华盛顿特区，现效力金州勇士，司职小前锋，为一名锋卫摇摆人。杜兰特参与2007年的选秀获西雅图超音速选中成为榜眼，效力9年后转至金州勇士。 杜兰特在2007年NBA选秀首轮以第二顺位加入了西雅图超音速，荣荐年度最佳新秀。"
  },
  {
    "id": 7,
    "img": "dw.jpg",
    "name": "德维恩·韦德",
    "position": "得分后卫",
    "address": "美国华盛顿特区",
    "message": "小德维恩·蒂龙·韦德是一名美国NBA职业联盟的篮球运动员，场上位置为得分后卫。现效力NBA球队芝加哥公牛，在美国国家队曾用过的号码为九号。曾经是NBA联盟中，运球过人速度最快的球员，外号“闪电侠”，球迷也会简称他的名字为“D-Wade”，曾被美国时代杂志评为全美50大型男之一。"
  }
]
