[
  {
    "id": 1,
    "title": "官宣：NBA与工会达成新劳资协议",
    "contain": [
      "北京时间12月15日，NBA发表声明，NBA和球员工会已经达成了新的劳资协议。",
      "NBA在声明中称，为了给双方重新回顾新协议具体内容以及对新协议进行投票的时间，双方一致决定将当前劳资协议的最终日期延迟至美国时间明年1月13日。新协议的详细内容将会在之后几天放出。"
    ],
    "url": "http://news.zhibo8.cc/nba/2016-12-15/5851e44366c47.htm",
    "img": "new1.jpg"
  },
  {
    "id": 2,
    "title": "哈登轰第14次三双追平大梦 火箭血洗国王豪取八连胜",
    "contain": [
      "北京时间12月15日上午，2016-2017赛季NBA联赛继续进行，火箭坐镇主场迎战国王。此役，国王中锋考辛斯轮休，托利弗出任先发。首节，火箭多点开花建立起11分的领先。此后三节，火箭牢牢把握场上主动。最终，全场比赛结束，火箭（19-7）在主场以132-98血洗国王（9-16），豪取8连胜。",
      "火箭（19-7）：哈登全场贡献15分11篮板14助攻，收获本赛季的第5次三双，也是职业生涯的第14次三双，追平“大梦”奥拉朱旺并列队史第一；莱恩-安德森22分6篮板，德克尔19分7篮板，阿里扎17分3篮板3抢断，卡佩拉14分2篮板2助攻，贝弗利10分4篮板7助攻，埃里克-戈登9分2篮板8助攻，哈雷尔9分4篮板2盖帽。（火箭全队三分球42投22中，连续25场命中10记以上三分球）"
    ],
    "url": "http://news.zhibo8.cc/nba/2016-12-15/82671.htm",
    "img": "new2.jpg"
  },
  {
    "id": 3,
    "title": "贝弗利：哈登是联盟最佳球员 是最佳组织球员",
    "contain": [
      "北京时间2016年12月15日，在刚刚结束的一场常规赛，火箭132-98击败国王。",
      "哈登今天出战30分钟，贡献15分11篮板14助攻的三双数据。哈登在火箭的三双次数追平了奥拉朱旺。对此，哈登说：“奥拉朱旺是史上最佳的篮球运动员之一，我很荣幸。必须称赞我的队友和教练。”",
      "贝弗利谈到今天球队献出了40次助攻：“那是一块很大的馅饼，每个人都得到了一小块，这是很棒的氛围。我们在共享。”",
      "谈及哈登，贝弗利接着说：“他是联盟的最佳球员。他是联盟最佳组织球员。球队的成功很多得归功于他。”"
    ],
    "url": "http://news.zhibo8.cc/nba/2016-12-15/58521b65f2464.htm",
    "img": "new3.jpg"
  },
  {
    "id": 4,
    "title": "雷吉20+6庄神17个篮板 活塞五人得分上双战胜小牛",
    "contain": [
      "北京时间12月15日，小牛主场迎来了活塞的挑战，比赛开始后巴恩斯包揽小牛开局的前7分，小牛首节结束以20-17领先3分，随后两队打得难分难解，半场结束以43-43打平。小牛第三节在巴恩斯和德隆的带领下将比分稍稍拉开到4分进入最后一节，但小牛在末节初段陷入得分荒，活塞趁机将比分拉开，最终活塞以95-85战胜小牛。",
      "活塞（14-13）：雷吉-杰克逊20分6助攻、马库斯-莫里斯12分6篮板2抢断、波普11分2篮板、托拜厄斯-哈里斯10分2篮板、德拉蒙德3分17篮板、鲁埃尔19分5篮板、贝恩斯8分10篮板、斯坦利-约翰逊7分2篮板、伊斯梅尔-史密斯5分4篮板6助攻。"
    ],
    "url": "http://news.zhibo8.cc/nba/2016-12-15/82672.htm",
    "img": "new4.jpg"
  },
  {
    "id": 5,
    "title": "莱昂纳德连续8场20+ 单赛季新纪录",
    "contain": [
      "北京时间12月15日，马刺与凯尔特人的比赛正在进行中，马刺暂时74-73领先。",
      "截至发稿，马刺球星莱昂纳德已经打了27分钟，13投7中得到20分，此外还有4助攻2抢断。这也是莱昂纳德本近期连续第八场得分20+的比赛，生涯单赛季最长纪录。",
      "此前生涯最长纪录（跨赛季）是连续9场得分20+，15-16赛季末连续3场加上16-17赛季前6场。"
    ],
    "url": "http://news.zhibo8.cc/nba/2016-12-15/58521bb87ef2b.htm",
    "img": "new5.jpg"
  },
  {
    "id": 6,
    "title": "胡德25分威少空砍27+6+5 爵士主场大胜雷霆",
    "contain": [
      "北京时间12月15日，爵士坐镇主场迎来雷霆的挑战，爵士在比赛开始后率先发力打开局面，在首节结束时取得5分的领先，第二节爵士依靠胡德的出色发挥一度将领先优势扩大到19分，威少连续得分为雷霆稳住阵脚，但爵士随后一路压制着雷霆，威少未能帮助雷霆扭转局势，最终爵士以109-89战胜到访的雷霆。",
      "爵士（16-10）：海沃德17分，戈伯特12分12篮板2断3盖帽，胡德25分，乔-约翰逊7分4篮板2助攻，因格尔斯11分4篮板3助攻，谢尔文-马克15分5篮板5助攻。",
      "雷霆（15-11）：亚当斯10分5篮板，威斯布鲁克27分6篮板5助攻，坎特19分2篮板，克里斯顿7分3篮板。"
    ],
    "url": "http://news.zhibo8.cc/nba/2016-12-15/82673.htm",
    "img": "new6.jpg"
  },
  {
    "id": 7,
    "title": "哈登15+11+14 三双数追平火箭队史纪录",
    "contain": [
      "北京时间12月15日，火箭主场132-98大胜国王。詹姆斯-哈登全场出战30分钟，投篮7投4中，三分球6中3，罚球4罚全中，得到15分11篮板14助攻的三双数据。",
      "这是哈登本赛季的第5次三双，个人职业生涯的第14次三双，而且这14次三双都是在火箭拿到的，这也让他追平火箭名宿奥拉朱旺的14次三双，和后者共同拥有火箭队史三双数纪录。",
      "哈登的三双是本赛季球员第28次贡献三双。"
    ],
    "url": "http://news.zhibo8.cc/nba/2016-12-15/585205e8cf746.htm",
    "img": "new7.jpg"
  },
  {
    "id": 8,
    "title": "林书豪缺阵 洛佩斯20+7 布克8+18 湖人不敌篮网遭遇8连败",
    "contain": [
      "北京时间12月15日，NBA常规赛篮网主场迎战湖人，本场比赛林书豪因伤缺阵，此前湖人遭遇7连败。比赛开始后篮网凭借主场之威取得领先，湖人打出一波小高潮在首节结束前反超比分。第二节双方命中下降，篮网内外结合，重新夺回领先优势。易地再战，罗尔邓和尼克杨联手打出一波得分潮帮助湖人再次反超比分。最后一节博格达诺维奇先声夺人帮助篮网取得领先，最后时刻湖人陷入得分荒，比赛结束，篮网107比97战胜湖人。湖人遭遇8连败。",
      "篮网（7-17）：基尔帕特里克22分4板5助、怀特黑德8分2板2助、博格达诺维奇23分4板、特雷沃-布克8分18板2助、洛佩兹20分7板2助、乔-哈里斯11分4板、霍利斯-杰弗森6分7板、本内特4分5板、斯科拉2分5板3助、勒韦尔3分4板2助",
      "湖人（10-18）：拉塞尔11分3板2助、尼克杨14分4板、罗尔邓11分8板2助、兰德尔6分10板、莫兹戈夫12分13板、英格拉姆9分、路威16分2板2助、小南斯6分4板2助、克拉克森12分4板1助"
    ],
    "url": "http://news.zhibo8.cc/nba/2016-12-15/82669.htm",
    "img": "new8.jpg"
  }
]
