[
  {
    "id": 1,
    "name1": "迈阿密热火",
    "img1": "logo1.jpg",
    "name2": "多伦多猛龙",
    "img2": "logo15.jpg",
    "url": "",
    "date": "2016-12-16 9:00"
  },
  {
    "id": 2,
    "name1": "奥兰多魔术",
    "img1": "logo2.jpg",
    "name2": "布鲁克林篮网",
    "img2": "logo14.jpg",
    "url": "",
    "date": "2016-12-16 6:00"
  },
  {
    "id": 3,
    "name1": "亚特兰大老鹰",
    "img1": "logo3.jpg",
    "name2": "纽约尼克斯",
    "img2": "logo13.jpg",
    "url": "",
    "date": "2016-12-16 7:00"
  },
  {
    "id": 4,
    "name1": "华盛顿奇才",
    "img1": "logo4.jpg",
    "name2": "费城76人",
    "img2": "logo12.jpg",
    "url": "",
    "date": "2016-12-16 8:00"
  },
  {
    "id": 5,
    "name1": "夏洛特黄蜂",
    "img1": "logo5.jpg",
    "name2": "波士顿凯尔特人",
    "img2": "logo11.jpg",
    "url": "",
    "date": "2016-12-16 10:00"
  },
  {
    "id": 6,
    "name1": "底特律活塞",
    "img1": "logo6.jpg",
    "name2": "密尔沃基雄鹿",
    "img2": "logo10.jpg",
    "url": "",
    "date": "2016-12-16 11:00"
  },
  {
    "id": 7,
    "name1": "印第安纳步行者",
    "img1": "logo7.jpg",
    "name2": "芝加哥公牛",
    "img2": "logo9.jpg",
    "url": "",
    "date": "2016-12-16 3:00"
  },
  {
    "id": 8,
    "name1": "克利夫兰骑士",
    "img1": "logo8.jpg",
    "name2": "迈阿密热火",
    "img2": "logo1.jpg",
    "url": "",
    "date": "2016-12-16 3:00"
  }
]
